title,link,published,description,category
Gas prices soar as Russia cuts German supply,https://www.bbc.co.uk/news/business-62318376?at_medium=RSS&at_campaign=KARANGA,"Wed, 27 Jul 2022 13:21:41 GMT",The Nord Stream 1 pipeline is now operating at just a fifth of its usual capacity.,business
McDonald's puts up price of cheeseburger for first time in 14 years,https://www.bbc.co.uk/news/business-62317453?at_medium=RSS&at_campaign=KARANGA,"Wed, 27 Jul 2022 13:07:59 GMT",The fast food firm increases the price for the first time in 14 years due to growing cost pressures.,business
Train strikes: 'I'm missing the football because I can't get there',https://www.bbc.co.uk/news/business-62309668?at_medium=RSS&at_campaign=KARANGA,"Wed, 27 Jul 2022 10:53:22 GMT","Tens of thousands of rail workers are walking out in a dispute over pay, jobs and terms.",business
Vow to tackle long waits to make a complaint,https://www.bbc.co.uk/news/business-62308181?at_medium=RSS&at_campaign=KARANGA,"Tue, 26 Jul 2022 23:04:12 GMT",The financial regulator says new rules should tackle some of the biggest frustrations for consumers.,business
MPs call for debt repayments holiday for benefits claimants,https://www.bbc.co.uk/news/business-62312313?at_medium=RSS&at_campaign=KARANGA,"Wed, 27 Jul 2022 03:16:49 GMT","Households struggling through the cost-of-living crisis need some breathing space, MPs say in a report.",business
IMF: UK set for slowest growth of G7 countries in 2023,https://www.bbc.co.uk/news/business-62299490?at_medium=RSS&at_campaign=KARANGA,"Tue, 26 Jul 2022 16:40:32 GMT","The IMF cuts its UK forecast for 2023 and says the global economy is ""teetering on the edge"" of recession.",business
Cost-of-living payments branded insufficient as energy bills soar,https://www.bbc.co.uk/news/business-62291652?at_medium=RSS&at_campaign=KARANGA,"Tue, 26 Jul 2022 08:01:14 GMT",A committee of MPs says cost-of-living payments should reflect higher than anticipated energy bills.,business
Food banks warn they are struggling to keep up with demand,https://www.bbc.co.uk/news/business-62228972?at_medium=RSS&at_campaign=KARANGA,"Fri, 22 Jul 2022 16:00:45 GMT",Research by Radio 4's Money Box into 203 food banks found many are receiving fewer food donations.,business
Cost of living: Saving money on our summer holiday,https://www.bbc.co.uk/news/business-62132409?at_medium=RSS&at_campaign=KARANGA,"Sat, 23 Jul 2022 23:30:13 GMT",Millions of us are still determined to have a summer getaway but keeping an eye on spending.,business
Cost of living: Fuel and clothing at top of family spending cuts,https://www.bbc.co.uk/news/business-62262138?at_medium=RSS&at_campaign=KARANGA,"Fri, 22 Jul 2022 11:17:44 GMT",Retailers say record price rises are making households concerned over what they can afford.,business
Inflation pushes UK government interest costs in June to fresh record,https://www.bbc.co.uk/news/business-62240775?at_medium=RSS&at_campaign=KARANGA,"Thu, 21 Jul 2022 08:03:43 GMT",Interest payments made on government debt hit the highest level on record in June as inflation surged.,business
"Inflation: Fuel, milk and eggs push prices up at fastest rate in 40 years",https://www.bbc.co.uk/news/business-62233571?at_medium=RSS&at_campaign=KARANGA,"Wed, 20 Jul 2022 12:05:05 GMT","The prices of fuel and food climbed in June, latest figures show.",business
UK pay falls at fastest rate on record as inflation hits,https://www.bbc.co.uk/news/business-62218706?at_medium=RSS&at_campaign=KARANGA,"Tue, 19 Jul 2022 14:13:32 GMT",Basic pay falls at fastest rate since records began in 2001 when rising prices are taken into account.,business
Summer holiday childcare costs: 'I would be paying to work',https://www.bbc.co.uk/news/business-62209941?at_medium=RSS&at_campaign=KARANGA,"Mon, 18 Jul 2022 23:08:11 GMT",New research finds that holiday childcare costs have risen by 5% in the last year.,business
New chancellor Nadhim Zahawi pledges to control rising prices,https://www.bbc.co.uk/news/business-62215079?at_medium=RSS&at_campaign=KARANGA,"Tue, 19 Jul 2022 19:03:12 GMT","The government will deliver ""sound public finances"", the new chancellor said in a speech at Mansion House.",business
EU allows get-out clause in Russian gas cut deal,https://www.bbc.co.uk/news/business-62305094?at_medium=RSS&at_campaign=KARANGA,"Tue, 26 Jul 2022 15:26:41 GMT","EU members agree to reduce gas use, but some including Ireland, Malta and Cyprus can seek exemptions.",business
Heathrow hits back at 'bizarre' Ryanair criticism,https://www.bbc.co.uk/news/business-62295867?at_medium=RSS&at_campaign=KARANGA,"Tue, 26 Jul 2022 12:48:17 GMT",The boss of the UK's largest airport says Ryanair is wrong to blame airports for travel disruption.,business
Train strikes: When are they and which trains are running?,https://www.bbc.co.uk/news/business-61634959?at_medium=RSS&at_campaign=KARANGA,"Wed, 27 Jul 2022 10:21:14 GMT",Thousands of train drivers and rail workers are striking in July and August.,business
Amazon Prime subscription price raised by £1 a month,https://www.bbc.co.uk/news/business-62297014?at_medium=RSS&at_campaign=KARANGA,"Tue, 26 Jul 2022 10:02:30 GMT",The £1-a-month rise comes after years in which the streaming service paid millions for football rights.,business
Satellite firms Eutelsat and OneWeb aim to combine operations,https://www.bbc.co.uk/news/science-environment-62306617?at_medium=RSS&at_campaign=KARANGA,"Tue, 26 Jul 2022 10:58:07 GMT",The French company is set to merge with the satellite firm pulled from bankruptcy by the UK government.,business
Cost of living: Walmart issues profit warning as price rises hit,https://www.bbc.co.uk/news/business-62301316?at_medium=RSS&at_campaign=KARANGA,"Tue, 26 Jul 2022 04:06:17 GMT",The US retail giant expects its annual profits to fall by up to 13% as food and fuel prices surge.,business
Convenience store spy cameras face legal challenge,https://www.bbc.co.uk/news/uk-england-62297546?at_medium=RSS&at_campaign=KARANGA,"Mon, 25 Jul 2022 23:03:24 GMT","Big Brother Watch campaigners says the ""Orwellian"" cameras at Southern Co-op shops breach people's rights.",business
Train strikes: People told not to travel by rail during walkouts,https://www.bbc.co.uk/news/business-62291452?at_medium=RSS&at_campaign=KARANGA,"Tue, 26 Jul 2022 07:38:11 GMT","Only 20% of services will run and some places will have no trains on Wednesday, Network Rail says.",business
Ukraine war: Russia waging gas war with Nord Stream 1 cuts - Zelensky,https://www.bbc.co.uk/news/world-europe-62300684?at_medium=RSS&at_campaign=KARANGA,"Tue, 26 Jul 2022 05:48:04 GMT",Ukraine's president accuses Moscow of using gas restrictions to inflict misery on ordinary Europeans.,business
Fear prevents workers reporting low pay - report,https://www.bbc.co.uk/news/uk-politics-62295472?at_medium=RSS&at_campaign=KARANGA,"Mon, 25 Jul 2022 15:43:27 GMT","Employers get away with breaking minimum wage laws by intimidating staff, the Low Pay Commission says.",business
Ryanair boss hits out at airports: 'They had one job',https://www.bbc.co.uk/news/business-62289056?at_medium=RSS&at_campaign=KARANGA,"Mon, 25 Jul 2022 09:26:59 GMT",Neil Sorahan says airports have not recruited enough staff to cater for the rebound in travellers.,business
Evergrande: Crisis-hit property giant faces deadline after bosses quit,https://www.bbc.co.uk/news/business-62287685?at_medium=RSS&at_campaign=KARANGA,"Mon, 25 Jul 2022 04:24:53 GMT",The Chinese property firm is expected to deliver a preliminary restructuring plan this week.,business
Digital India: How India's digital revolution is connecting millions,https://www.bbc.co.uk/news/world-asia-india-62262512?at_medium=RSS&at_campaign=KARANGA,"Tue, 26 Jul 2022 00:44:04 GMT",Access to the internet has transformed the lives of millions in India.,business
Football kit sales delayed as supply chain issues hit clubs,https://www.bbc.co.uk/news/business-62256634?at_medium=RSS&at_campaign=KARANGA,"Mon, 25 Jul 2022 12:49:28 GMT",Fewer than half of English clubs have both their home and away kits on sale ahead of the new season.,business
Eurotunnel and Dover queues: Drivers warned of summer of Channel traffic delays,https://www.bbc.co.uk/news/uk-62289432?at_medium=RSS&at_campaign=KARANGA,"Mon, 25 Jul 2022 14:31:17 GMT","This weekend is expected to be ""very busy"" as holidaymakers look to get away to the continent.",business
Elon Musk denies affair with Google co-founder Sergey Brin's wife,https://www.bbc.co.uk/news/business-62288139?at_medium=RSS&at_campaign=KARANGA,"Mon, 25 Jul 2022 09:44:07 GMT",The technology multi-billionaire's comments came in response to a report in the Wall Street Journal.,business
France energy: Air-conditioned shops will be told to shut doors to cut waste,https://www.bbc.co.uk/news/world-europe-62286924?at_medium=RSS&at_campaign=KARANGA,"Sun, 24 Jul 2022 19:28:11 GMT",New rules will force shops to keep doors shut when air conditioning is on and limit use of neon signs.,business
Gazprom: Nord Stream 1 supply to EU to be cut further,https://www.bbc.co.uk/news/business-62291458?at_medium=RSS&at_campaign=KARANGA,"Mon, 25 Jul 2022 21:18:48 GMT",Gazprom announces another drastic cut in supplies as the EU tries to replenish stores for winter.,business
Eurotunnel queues: AA says holiday gridlock easing,https://www.bbc.co.uk/news/uk-62281443?at_medium=RSS&at_campaign=KARANGA,"Sun, 24 Jul 2022 18:19:28 GMT","Waiting times at the Eurotunnel terminal are ""falling steadily"", the AA says after three days of delays.",business
Ukraine war: Russia denies causing global food crisis,https://www.bbc.co.uk/news/world-middle-east-62284377?at_medium=RSS&at_campaign=KARANGA,"Sun, 24 Jul 2022 17:34:40 GMT","Its foreign minister, who is in Egypt, says the West is distorting the truth as the Ukraine war rages.",business
Rail strikes to go ahead next Wednesday,https://www.bbc.co.uk/news/uk-62272544?at_medium=RSS&at_campaign=KARANGA,"Mon, 25 Jul 2022 10:22:51 GMT",The RMT union says walkouts across the network will happen after talks failed to find a breakthrough.,business
Truss tax plans accused of breaking spending rules,https://www.bbc.co.uk/news/business-62255081?at_medium=RSS&at_campaign=KARANGA,"Thu, 21 Jul 2022 15:40:18 GMT","Tax cut plans mean higher borrowing or lower public spending, or both, says the Institute for Fiscal Studies.",business
British Airways staff call off Heathrow strike after 8% pay rise deal,https://www.bbc.co.uk/news/business-62267324?at_medium=RSS&at_campaign=KARANGA,"Fri, 22 Jul 2022 14:29:03 GMT",Hundreds of staff at Heathrow were set to strike over the busy summer holiday period.,business
"Russia 'looting' steel bound for Europe and UK, says Metinvest boss",https://www.bbc.co.uk/news/business-62252704?at_medium=RSS&at_campaign=KARANGA,"Thu, 21 Jul 2022 23:01:33 GMT",A Ukrainian steel boss accuses Russia of stealing metal that had been meant for Europe.,business
Twitter spent $33m in three months on Elon Musk deal,https://www.bbc.co.uk/news/technology-62265756?at_medium=RSS&at_campaign=KARANGA,"Fri, 22 Jul 2022 12:55:36 GMT",The social network also reported losses in its latest financial figures.,business
Cyber-attacks on Port of Los Angeles have doubled since pandemic,https://www.bbc.co.uk/news/business-62260272?at_medium=RSS&at_campaign=KARANGA,"Fri, 22 Jul 2022 11:00:10 GMT",The threats to the Port of Los Angeles are believed to come mainly from Europe and Russia.,business
Elon Musk's Tesla sells most of its Bitcoin holdings,https://www.bbc.co.uk/news/business-62246367?at_medium=RSS&at_campaign=KARANGA,"Thu, 21 Jul 2022 03:07:55 GMT",The announcement comes as the value of the world's biggest cryptocurrency has plunged.,business
Snapchat owner hit as advertising slump hits sales,https://www.bbc.co.uk/news/business-62261104?at_medium=RSS&at_campaign=KARANGA,"Fri, 22 Jul 2022 09:16:31 GMT",The California-based company is best known for the photo-sharing app Snapchat.,business
Eurozone raises interest rates for first time in 11 years,https://www.bbc.co.uk/news/business-62240730?at_medium=RSS&at_campaign=KARANGA,"Thu, 21 Jul 2022 16:26:43 GMT",The European Central Bank has raised rates as it tries to tackle soaring eurozone inflation.,business
Nord Stream: Key Russian pipeline resumes pumping gas to Europe,https://www.bbc.co.uk/news/world-europe-62249015?at_medium=RSS&at_campaign=KARANGA,"Thu, 21 Jul 2022 16:23:08 GMT",There had been fears Moscow would not restart flows in response to sanctions over the Ukraine war.,business
China ride-hailing giant Didi fined $1.2bn after probe,https://www.bbc.co.uk/news/business-62248513?at_medium=RSS&at_campaign=KARANGA,"Thu, 21 Jul 2022 06:59:51 GMT",The country's cyber security watchdog launched a probe into the firm just days after its US listing.,business
Refuelling staff to stage three-day strike at Heathrow,https://www.bbc.co.uk/news/business-62219559?at_medium=RSS&at_campaign=KARANGA,"Tue, 19 Jul 2022 17:01:40 GMT",Workers employed by Aviation Fuel Services will walk out on Thursday and down tools until Sunday.,business
Baidu unveils new self-driving taxi in China,https://www.bbc.co.uk/news/technology-62237612?at_medium=RSS&at_campaign=KARANGA,"Thu, 21 Jul 2022 02:06:59 GMT",Baidu says its latest robo-taxi has the road skills of a driver with 20 years' experience.,business
Payouts for victims of sweepstake with no winners,https://www.bbc.co.uk/news/business-62207022?at_medium=RSS&at_campaign=KARANGA,"Tue, 19 Jul 2022 08:08:39 GMT",Thousands of victims enticed to pay a fee for a cash prize that never came will now get some good news.,business
Netflix trials charging $2.99 for shared accounts,https://www.bbc.co.uk/news/business-62226905?at_medium=RSS&at_campaign=KARANGA,"Tue, 19 Jul 2022 16:14:47 GMT",The streaming service is looking for new ways to make money as it loses subscribers.,business
EU told to prepare for Russian gas shut-off,https://www.bbc.co.uk/news/business-62230201?at_medium=RSS&at_campaign=KARANGA,"Wed, 20 Jul 2022 14:37:21 GMT","Countries urged to cut use by 15% until March, with the target becoming mandatory if Russia halts supplies.",business
Sizewell C nuclear plant gets go-ahead from government,https://www.bbc.co.uk/news/uk-england-suffolk-62235221?at_medium=RSS&at_campaign=KARANGA,"Wed, 20 Jul 2022 16:12:37 GMT",The Sizewell C plant is expected to cost £20bn and could provide the UK with 7% of its electricity.,business
Samsung did not break rules over woman running at 2am advert,https://www.bbc.co.uk/news/newsbeat-62221314?at_medium=RSS&at_campaign=KARANGA,"Wed, 20 Jul 2022 11:53:35 GMT","People complained that the ""irresponsible"" smart watch advert encouraged unsafe behaviour.",business
US seizes stolen funds from suspected North Korean hackers,https://www.bbc.co.uk/news/technology-62239638?at_medium=RSS&at_campaign=KARANGA,"Wed, 20 Jul 2022 13:16:29 GMT",The Department of Justice has already returned ransom payments to two hospitals.,business
Trains cancelled and delayed after heatwave damage,https://www.bbc.co.uk/news/business-62234461?at_medium=RSS&at_campaign=KARANGA,"Wed, 20 Jul 2022 16:12:31 GMT",Disruption has continued on Wednesday as repair work takes place across the UK's rail network.,business
Twitter-Musk takeover dispute heading for October trial,https://www.bbc.co.uk/news/world-us-canada-62058387?at_medium=RSS&at_campaign=KARANGA,"Tue, 19 Jul 2022 19:56:31 GMT",Twitter hopes that the trial will end with a court order for Musk to complete a $44bn takeover bid.,business
Royal Mail workers vote to go on strike over pay,https://www.bbc.co.uk/news/business-62219565?at_medium=RSS&at_campaign=KARANGA,"Tue, 19 Jul 2022 19:33:02 GMT","If 115,000 staff strike, it could be the biggest ever action by the Communication Workers Union.",business
Luxury brand Manolo Blahnik wins right to use own name in China,https://www.bbc.co.uk/news/business-62232633?at_medium=RSS&at_campaign=KARANGA,"Wed, 20 Jul 2022 07:02:00 GMT",The UK-based luxury shoemaker has not operated in the world's second largest economy for over 20 years.,business
Could the Great Lakes solve US shipping woes?,https://www.bbc.co.uk/news/world-us-canada-62157479?at_medium=RSS&at_campaign=KARANGA,"Wed, 27 Jul 2022 00:19:06 GMT",Inland ports along the Great Lakes are helping to fill the gap in supply-chain disruption.,business
A mind-reading combat jet for the future,https://www.bbc.co.uk/news/business-62289737?at_medium=RSS&at_campaign=KARANGA,"Mon, 25 Jul 2022 23:25:30 GMT",The Tempest fighter jet will have artificial intelligence tech to monitor and help the pilot.,business
The tech helping to bring you your morning coffee,https://www.bbc.co.uk/news/business-62235741?at_medium=RSS&at_campaign=KARANGA,"Sun, 24 Jul 2022 23:15:44 GMT","How Brazil, the world's largest grower of coffee, is turning to technology to boost production.",business
Airport workers on travel problems,https://www.bbc.co.uk/news/uk-62169701?at_medium=RSS&at_campaign=KARANGA,"Fri, 22 Jul 2022 23:09:17 GMT","Pilots, flight attendants and a baggage handler tell us what is happening where they work.",business
Whisky makers are turning their backs on peat,https://www.bbc.co.uk/news/business-61596047?at_medium=RSS&at_campaign=KARANGA,"Thu, 21 Jul 2022 23:05:04 GMT",Burning peat has long been a way of adding flavour to whisky but some are now rejected that process.,business
The allotment firms helping to trim long waiting lists,https://www.bbc.co.uk/news/business-62220162?at_medium=RSS&at_campaign=KARANGA,"Wed, 20 Jul 2022 23:02:22 GMT","As people have to wait years to get a council allotment, private firms are offering an alternative.",business
'I looked at the prices in London... and chose Leeds',https://www.bbc.co.uk/news/business-62222589?at_medium=RSS&at_campaign=KARANGA,"Tue, 19 Jul 2022 23:02:42 GMT","Morten Toft Tech, founder of Meatless Farm, which makes plant-based meat alternative food, shares his business advice.",business
Why do companies get involved in social issues?,https://www.bbc.co.uk/news/business-62139217?at_medium=RSS&at_campaign=KARANGA,"Tue, 19 Jul 2022 23:03:52 GMT",Firms are getting more vocal on social issues but why now and what do customers and employees want?,business
Price rises: Why a simple lunch is costing more in Asia-Pacific,https://www.bbc.co.uk/news/62160733?at_medium=RSS&at_campaign=KARANGA,"Mon, 18 Jul 2022 23:38:04 GMT","From Singapore, to Seoul, to Sydney - how the cost of living affects lunch hour.",business
Cost of living: Will this mean more home grown fruit and veg?,https://www.bbc.co.uk/news/uk-wales-62206677?at_medium=RSS&at_campaign=KARANGA,"Tue, 19 Jul 2022 05:19:54 GMT",Rising prices for fruit and vegetables could mean more farm jobs and more people growing their own.,business
Firms 'going to war' against rivals on social media,https://www.bbc.co.uk/news/business-62161520?at_medium=RSS&at_campaign=KARANGA,"Sun, 17 Jul 2022 23:10:08 GMT",The boss of a high-tech monitoring company says some retailers are spreading lies about competitors.,business
"83, Samrat Prithviraj: Why Bollywood's big films are flopping at the box office",https://www.bbc.co.uk/news/world-asia-india-62145780?at_medium=RSS&at_campaign=KARANGA,"Sun, 17 Jul 2022 23:53:47 GMT","Several big-ticket films in 2022 have failed at the box office, leaving producers confused.",business
The social media lifeline amid soaring food costs,https://www.bbc.co.uk/news/business-62034982?at_medium=RSS&at_campaign=KARANGA,"Thu, 14 Jul 2022 23:12:11 GMT",Charities are using Google Maps and other social media to alert people to food clubs and community shops.,business
Former airline worker: 'It would be like going back to an ex',https://www.bbc.co.uk/news/business-61830479?at_medium=RSS&at_campaign=KARANGA,"Tue, 12 Jul 2022 23:13:05 GMT",Three people who used to work in aviation up until the Covid pandemic discuss whether they would return to the industry.,business
The firms sourcing locally to avoid global supply chain woes,https://www.bbc.co.uk/news/business-62122038?at_medium=RSS&at_campaign=KARANGA,"Wed, 13 Jul 2022 23:25:37 GMT","As worldwide supply routes are stretched, more companies are ""reshoring"" their production.",business
"Gaming time has no link with levels of wellbeing, study finds",https://www.bbc.co.uk/news/technology-62293235?at_medium=RSS&at_campaign=KARANGA,"Wed, 27 Jul 2022 02:26:37 GMT","Researchers analysed the gaming habits of 39,000 players of big titles such as Animal Crossing.",technology
Cost of living: Inside the 'foodbank' for data,https://www.bbc.co.uk/news/technology-61974877?at_medium=RSS&at_campaign=KARANGA,"Tue, 26 Jul 2022 18:07:28 GMT",The National Databank initiative offers free data to people struggling to pay for connectivity.,technology
"Music industry as tough as it has always been, watchdog says",https://www.bbc.co.uk/news/technology-62305395?at_medium=RSS&at_campaign=KARANGA,"Tue, 26 Jul 2022 16:44:36 GMT",The Competition and Markets Authority releases its latest report into the impact of streaming.,technology
Kim Kardashian and Kylie Jenner share Instagram criticism,https://www.bbc.co.uk/news/technology-62304262?at_medium=RSS&at_campaign=KARANGA,"Tue, 26 Jul 2022 16:11:33 GMT","Reality TV stars share post telling Instagram to ""stop trying to be TikTok"".",technology
Convenience store spy cameras face legal challenge,https://www.bbc.co.uk/news/uk-england-62297546?at_medium=RSS&at_campaign=KARANGA,"Mon, 25 Jul 2022 23:03:24 GMT","Big Brother Watch campaigners says the ""Orwellian"" cameras at Southern Co-op shops breach people's rights.",technology
Amazon Prime subscription price raised by £1 a month,https://www.bbc.co.uk/news/business-62297014?at_medium=RSS&at_campaign=KARANGA,"Tue, 26 Jul 2022 10:02:30 GMT",The £1-a-month rise comes after years in which the streaming service paid millions for football rights.,technology
Elon Musk denies affair with Google co-founder Sergey Brin's wife,https://www.bbc.co.uk/news/business-62288139?at_medium=RSS&at_campaign=KARANGA,"Mon, 25 Jul 2022 09:44:07 GMT",The technology multi-billionaire's comments came in response to a report in the Wall Street Journal.,technology
Google rules blocked children's diabetes app,https://www.bbc.co.uk/news/technology-62184812?at_medium=RSS&at_campaign=KARANGA,"Mon, 25 Jul 2022 00:00:51 GMT",An NHS-recommended app says Google will not permit it to send text message alerts about glucose levels.,technology
Chess robot breaks seven-year-old boy's finger during Moscow Open,https://www.bbc.co.uk/news/world-europe-62286017?at_medium=RSS&at_campaign=KARANGA,"Sun, 24 Jul 2022 15:21:06 GMT",The child was trying to make his next move at the Moscow Open when the robot grabbed him.,technology
World Cup to use drones to help protect stadiums,https://www.bbc.co.uk/news/technology-62243427?at_medium=RSS&at_campaign=KARANGA,"Fri, 22 Jul 2022 23:55:24 GMT",Venues in Qatar will be defended from potential drone attacks by the unmanned aerial vehicles.,technology
Blake Lemoine: Google fires engineer who said AI tech has feelings,https://www.bbc.co.uk/news/technology-62275326?at_medium=RSS&at_campaign=KARANGA,"Sat, 23 Jul 2022 02:20:42 GMT",Blake Lemoine went public with his beliefs that Google's breakthrough Lamda technology is sentient.,technology
Twitter spent $33m in three months on Elon Musk deal,https://www.bbc.co.uk/news/technology-62265756?at_medium=RSS&at_campaign=KARANGA,"Fri, 22 Jul 2022 12:55:36 GMT",The social network also reported losses in its latest financial figures.,technology
Tinder: Women's safety now at the heart of the app,https://www.bbc.co.uk/news/technology-62206485?at_medium=RSS&at_campaign=KARANGA,"Fri, 22 Jul 2022 03:34:04 GMT",The technology company is launching a partnership with domestic-violence campaign group No More.,technology
Abortion: YouTube removes misinformation videos,https://www.bbc.co.uk/news/technology-62264590?at_medium=RSS&at_campaign=KARANGA,"Fri, 22 Jul 2022 16:36:05 GMT",Videos promoting unsafe abortion methods and false claims are being taken down.,technology
Snapchat owner hit as advertising slump hits sales,https://www.bbc.co.uk/news/business-62261104?at_medium=RSS&at_campaign=KARANGA,"Fri, 22 Jul 2022 09:16:31 GMT",The California-based company is best known for the photo-sharing app Snapchat.,technology
UK blocks University of Manchester sensor deal with Chinese company,https://www.bbc.co.uk/news/technology-62243424?at_medium=RSS&at_campaign=KARANGA,"Sat, 23 Jul 2022 17:54:36 GMT","The proposed licensing of vision-sensing technology could be a national security risk, the government says.",technology
Elon Musk's Tesla sells most of its Bitcoin holdings,https://www.bbc.co.uk/news/business-62246367?at_medium=RSS&at_campaign=KARANGA,"Thu, 21 Jul 2022 03:07:55 GMT",The announcement comes as the value of the world's biggest cryptocurrency has plunged.,technology
Baidu unveils new self-driving taxi in China,https://www.bbc.co.uk/news/technology-62237612?at_medium=RSS&at_campaign=KARANGA,"Thu, 21 Jul 2022 02:06:59 GMT",Baidu says its latest robo-taxi has the road skills of a driver with 20 years' experience.,technology
China ride-hailing giant Didi fined $1.2bn after probe,https://www.bbc.co.uk/news/business-62248513?at_medium=RSS&at_campaign=KARANGA,"Thu, 21 Jul 2022 06:59:51 GMT",The country's cyber security watchdog launched a probe into the firm just days after its US listing.,technology
Heatwave forced Google and Oracle to shut down computers,https://www.bbc.co.uk/news/technology-62202125?at_medium=RSS&at_campaign=KARANGA,"Wed, 20 Jul 2022 16:32:36 GMT",Record temperatures meant some cooling systems failed at the firm's London data centres.,technology
US seizes stolen funds from suspected North Korean hackers,https://www.bbc.co.uk/news/technology-62239638?at_medium=RSS&at_campaign=KARANGA,"Wed, 20 Jul 2022 13:16:29 GMT",The Department of Justice has already returned ransom payments to two hospitals.,technology
Apple settles US butterfly-keyboard legal action for $50m,https://www.bbc.co.uk/news/technology-62236778?at_medium=RSS&at_campaign=KARANGA,"Wed, 20 Jul 2022 10:53:20 GMT",Apple will pay $50m (£41.6m) over claims its laptop keyboards were unresponsive and unreliable.,technology
Netflix loses almost a million subscribers,https://www.bbc.co.uk/news/business-62226912?at_medium=RSS&at_campaign=KARANGA,"Wed, 20 Jul 2022 01:26:09 GMT",Season four of the hit series Stranger Things may have helped to stem the exodus of Netflix customers.,technology
Twitter-Musk takeover dispute heading for October trial,https://www.bbc.co.uk/news/world-us-canada-62058387?at_medium=RSS&at_campaign=KARANGA,"Tue, 19 Jul 2022 19:56:31 GMT",Twitter hopes that the trial will end with a court order for Musk to complete a $44bn takeover bid.,technology
Rogers outage: Why a network upgrade pushed millions in Canada offline,https://www.bbc.co.uk/news/world-us-canada-62174477?at_medium=RSS&at_campaign=KARANGA,"Wed, 20 Jul 2022 01:06:34 GMT",A Canadian telecoms giant is under pressure to ensure a network crash felt nationwide doesn't happen again.,technology
Apple sued over Apple Pay payment system,https://www.bbc.co.uk/news/technology-62221412?at_medium=RSS&at_campaign=KARANGA,"Tue, 19 Jul 2022 11:25:10 GMT",The tech company is accused of using its monopoly in the mobile industry to fend off competition.,technology
China launches second module for its space station Heavenly Palace,https://www.bbc.co.uk/news/world-asia-china-62282862?at_medium=RSS&at_campaign=KARANGA,"Sun, 24 Jul 2022 13:37:54 GMT",Tiangong or Heavenly Palace is scheduled to be operational by the end of 2022.,technology
Hands-on with the Nothing 1 phone,https://www.bbc.co.uk/news/technology-62140444?at_medium=RSS&at_campaign=KARANGA,"Tue, 12 Jul 2022 15:29:28 GMT","UK company Nothing's first handset features hundreds of LED lights and has had 200,000 pre-orders.",technology
How streaming videos gives a Danish city hot water,https://www.bbc.co.uk/news/technology-62076634?at_medium=RSS&at_campaign=KARANGA,"Tue, 12 Jul 2022 15:59:30 GMT",A datacentre is cooling its servers while providing nearby residents with heating.,technology
Neill Blomkamp: Why I am making video game Off The Grid,https://www.bbc.co.uk/news/technology-61979994?at_medium=RSS&at_campaign=KARANGA,"Fri, 08 Jul 2022 10:39:37 GMT","The free-to-play game, featuring a narrative element, will see 150 players fight to be the last one.",technology
Ukraine war: President Zelensky's 3D projection asks tech sector for help,https://www.bbc.co.uk/news/technology-61993100?at_medium=RSS&at_campaign=KARANGA,"Fri, 01 Jul 2022 11:18:13 GMT",The Ukrainian president has been outlining his vision for the technology sector in his country.,technology
Digital India: How India's digital revolution is connecting millions,https://www.bbc.co.uk/news/world-asia-india-62262512?at_medium=RSS&at_campaign=KARANGA,"Tue, 26 Jul 2022 00:44:04 GMT",Access to the internet has transformed the lives of millions in India.,technology
A mind-reading combat jet for the future,https://www.bbc.co.uk/news/business-62289737?at_medium=RSS&at_campaign=KARANGA,"Mon, 25 Jul 2022 23:25:30 GMT",The Tempest fighter jet will have artificial intelligence tech to monitor and help the pilot.,technology
The tech helping to bring you your morning coffee,https://www.bbc.co.uk/news/business-62235741?at_medium=RSS&at_campaign=KARANGA,"Sun, 24 Jul 2022 23:15:44 GMT","How Brazil, the world's largest grower of coffee, is turning to technology to boost production.",technology
The YouTuber who built a career from true crime and make-up ,https://www.bbc.co.uk/news/business-61948546?at_medium=RSS&at_campaign=KARANGA,"Thu, 21 Jul 2022 23:13:41 GMT",Bailey Sarian dabbled in YouTube for years before a chance idea led to a new profession.,technology
Whisky makers are turning their backs on peat,https://www.bbc.co.uk/news/business-61596047?at_medium=RSS&at_campaign=KARANGA,"Thu, 21 Jul 2022 23:05:04 GMT",Burning peat has long been a way of adding flavour to whisky but some are now rejected that process.,technology
Aerospace electrified by new technology,https://www.bbc.co.uk/news/business-62120130?at_medium=RSS&at_campaign=KARANGA,"Mon, 18 Jul 2022 23:01:11 GMT",Electric and hybrid aircraft are under development which could cut the need for jet fuel.,technology
Firms 'going to war' against rivals on social media,https://www.bbc.co.uk/news/business-62161520?at_medium=RSS&at_campaign=KARANGA,"Sun, 17 Jul 2022 23:10:08 GMT",The boss of a high-tech monitoring company says some retailers are spreading lies about competitors.,technology
The social media lifeline amid soaring food costs,https://www.bbc.co.uk/news/business-62034982?at_medium=RSS&at_campaign=KARANGA,"Thu, 14 Jul 2022 23:12:11 GMT",Charities are using Google Maps and other social media to alert people to food clubs and community shops.,technology
Can the right smell make you more productive?,https://www.bbc.co.uk/news/business-61708789?at_medium=RSS&at_campaign=KARANGA,"Mon, 11 Jul 2022 23:13:34 GMT",With more people working from home there's growing interest in making the home smell better.,technology
How science is making chocolate taste even better,https://www.bbc.co.uk/news/business-61511456?at_medium=RSS&at_campaign=KARANGA,"Thu, 07 Jul 2022 23:30:50 GMT",Cocoa beans go through a fermentation process that scientists say can be more precisely controlled.,technology
Australia's devastating floods spur new warning systems,https://www.bbc.co.uk/news/business-61717600?at_medium=RSS&at_campaign=KARANGA,"Mon, 04 Jul 2022 23:06:59 GMT",Better data and real-time software is allowing companies to improve the precision of flood warnings.,technology
How flowers are 'put to sleep' for long sea voyages,https://www.bbc.co.uk/news/business-61877762?at_medium=RSS&at_campaign=KARANGA,"Thu, 30 Jun 2022 23:01:04 GMT",Kenya's flower exporters are switching to sea freight as new tech helps keep flowers fresh at sea.,technology
What parents need to know to keep their kids safe online,https://www.bbc.co.uk/news/business-61577187?at_medium=RSS&at_campaign=KARANGA,"Mon, 27 Jun 2022 23:18:06 GMT",Teachers urgently want parents to understand the tech which could help to keep kids safer online.,technology
Will electric motorbike sales take off across Asia?,https://www.bbc.co.uk/news/business-61907734?at_medium=RSS&at_campaign=KARANGA,"Sun, 26 Jun 2022 23:03:17 GMT",Soaring petrol prices could speed up the transition to electric much faster than expected.,technology
The staff shortage slowing down air cargo and bags,https://www.bbc.co.uk/news/business-61808753?at_medium=RSS&at_campaign=KARANGA,"Thu, 23 Jun 2022 23:05:29 GMT",A lack of skilled cargo handlers is now hampering the booming air freight business too.,technology
Could nuclear desalination plants beat water scarcity?,https://www.bbc.co.uk/news/business-61483491?at_medium=RSS&at_campaign=KARANGA,"Mon, 20 Jun 2022 23:16:31 GMT","Engineers are developing mobile, floating nuclear desalination plants to help solve water shortages.",technology
Could flat tyres soon be a thing of the past?,https://www.bbc.co.uk/news/business-61644033?at_medium=RSS&at_campaign=KARANGA,"Mon, 13 Jun 2022 23:18:58 GMT",Airless tyres that do not puncture are getting close to market but some remain sceptical about them.,technology
Is it the end for the lush lawns of Los Angeles?,https://www.bbc.co.uk/news/business-61731503?at_medium=RSS&at_campaign=KARANGA,"Thu, 09 Jun 2022 23:08:01 GMT",Tougher rules on watering gardens mean residents will have to consider alternatives to green grass.,technology
India's loan scams leave victims scared for their lives,https://www.bbc.co.uk/news/business-61564038?at_medium=RSS&at_campaign=KARANGA,"Mon, 06 Jun 2022 23:06:33 GMT",Bogus apps are being used by hackers to access mobile phone data to threaten and blackmail victims.,technology
How artificial intelligence 'blew up' tennis,https://www.bbc.co.uk/news/business-61609689?at_medium=RSS&at_campaign=KARANGA,"Mon, 30 May 2022 23:05:16 GMT",Coaches now have powerful tools which can find patterns in play that humans would struggle to see.,technology
The new airlines betting flying is about to take off,https://www.bbc.co.uk/news/business-61575429?at_medium=RSS&at_campaign=KARANGA,"Sun, 29 May 2022 23:10:38 GMT",Many carriers went out of business during Covid but several seized a golden opportunity to launch.,technology
Soaring fertiliser prices force farmers to rethink,https://www.bbc.co.uk/news/business-61385111?at_medium=RSS&at_campaign=KARANGA,"Thu, 26 May 2022 23:06:44 GMT",Research into replacements for nitrogen-based fertilisers has been spurred by high prices and climate concerns.,technology
Could hydrogen ease Germany's reliance on Russian gas?,https://www.bbc.co.uk/news/business-61406077?at_medium=RSS&at_campaign=KARANGA,"Tue, 24 May 2022 10:45:43 GMT",Why hydrogen might be one route for Germany to move away from dependence on Russian imports.,technology
Could contact lenses be the ultimate computer screen?,https://www.bbc.co.uk/news/business-61318460?at_medium=RSS&at_campaign=KARANGA,"Thu, 19 May 2022 23:03:29 GMT",Firms are developing smart contact lenses that can project data in front of the user's eye.,technology
The art of cutting carbon - how new technologies can help,https://www.bbc.co.uk/news/science-environment-62265992?at_medium=RSS&at_campaign=KARANGA,"Tue, 26 Jul 2022 23:09:05 GMT",With the 'de-printer' specially coated sheets of paper can be used 10 times over.,science_and_environment
Bird poo pollution posters at Scottish beaches challenged by experts,https://www.bbc.co.uk/news/uk-scotland-edinburgh-east-fife-62305289?at_medium=RSS&at_campaign=KARANGA,"Wed, 27 Jul 2022 05:32:54 GMT",Signs at Scottish beaches suggest feeding the seagulls can contribute to water pollution.,science_and_environment
Covid origin studies say evidence points to Wuhan market,https://www.bbc.co.uk/news/science-environment-62307383?at_medium=RSS&at_campaign=KARANGA,"Tue, 26 Jul 2022 15:32:23 GMT",One of the researchers said he hoped the studies would correct the false theory that it came from a lab.,science_and_environment
Climate change: UK cities warned of wildfire risk,https://www.bbc.co.uk/news/science-environment-62253581?at_medium=RSS&at_campaign=KARANGA,"Tue, 26 Jul 2022 03:15:09 GMT",Fire chiefs in rural areas say lessons they learned in hot dry summers must be urgently applied in cities.,science_and_environment
Satellite firms Eutelsat and OneWeb aim to combine operations,https://www.bbc.co.uk/news/science-environment-62306617?at_medium=RSS&at_campaign=KARANGA,"Tue, 26 Jul 2022 10:58:07 GMT",The French company is set to merge with the satellite firm pulled from bankruptcy by the UK government.,science_and_environment
The audacious PR plot that seeded doubt about climate change,https://www.bbc.co.uk/news/science-environment-62225696?at_medium=RSS&at_campaign=KARANGA,"Fri, 22 Jul 2022 23:23:52 GMT","Thirty years ago, a bold plan was hatched to persuade people that climate change was not a problem.",science_and_environment
Japan's police to take measures after wild monkey rampages,https://www.bbc.co.uk/news/world-asia-62292511?at_medium=RSS&at_campaign=KARANGA,"Mon, 25 Jul 2022 13:08:21 GMT","What started as attacks on women and children, now include the elderly and adult men, officials say.",science_and_environment
Countryside: Who really has access to the great outdoors?,https://www.bbc.co.uk/news/uk-wales-62053555?at_medium=RSS&at_campaign=KARANGA,"Sun, 24 Jul 2022 06:09:52 GMT",Not everyone has the opportunity to roam the countryside. Meet the people trying to change that.,science_and_environment
Huge jellyfish swarm surrounds boat in Israel,https://www.bbc.co.uk/news/world-middle-east-62274464?at_medium=RSS&at_campaign=KARANGA,"Fri, 22 Jul 2022 23:28:10 GMT",Aerial footage shows the swarm of jellyfish in the waters of Haifa Bay during the annual migration.,science_and_environment
Climate change: How to talk to a denier,https://www.bbc.co.uk/news/blogs-trending-61844299?at_medium=RSS&at_campaign=KARANGA,"Sat, 23 Jul 2022 23:14:38 GMT","Tips about how to engage with people who think climate change is a ""hoax"".",science_and_environment
Could hydrogen ease Germany's reliance on Russian gas?,https://www.bbc.co.uk/news/business-61406077?at_medium=RSS&at_campaign=KARANGA,"Tue, 24 May 2022 10:45:43 GMT",Why hydrogen might be one route for Germany to move away from dependence on Russian imports.,science_and_environment
Why is climate 'doomism' going viral – and who's fighting it?,https://www.bbc.co.uk/news/blogs-trending-61495035?at_medium=RSS&at_campaign=KARANGA,"Sun, 22 May 2022 23:16:59 GMT","Climate ""doomers"" believe it’s far too late to do anything about climate change - but they're wrong.",science_and_environment
"HSBC suspends banker over 'nut job' climate comments, say reports",https://www.bbc.co.uk/news/business-61519111?at_medium=RSS&at_campaign=KARANGA,"Mon, 23 May 2022 05:05:36 GMT",The banking giant has reportedly suspended its responsible investing leader Stuart Kirk.,science_and_environment
Climate change: 'Fifty-fifty chance' of breaching 1.5C warming limit,https://www.bbc.co.uk/news/science-environment-61383391?at_medium=RSS&at_campaign=KARANGA,"Mon, 09 May 2022 23:38:30 GMT",Scientists say there's now a strong chance that the world will warm by more than 1.5C by 2026.,science_and_environment
Climate change: Airlines miss all but one target - report,https://www.bbc.co.uk/news/science-environment-61384377?at_medium=RSS&at_campaign=KARANGA,"Mon, 09 May 2022 23:39:19 GMT",Campaigners say the aviation industry cannot be relied on to tackle their role in climate change.,science_and_environment
Russia to pull out of International Space Station,https://www.bbc.co.uk/news/world-europe-62308069?at_medium=RSS&at_campaign=KARANGA,"Tue, 26 Jul 2022 17:40:07 GMT","Moscow says it now wants to build its own station, ending more than 20 years of cooperation with the US.",science_and_environment
James Webb: Nasa space telescope delivers spectacular pictures,https://www.bbc.co.uk/news/science-environment-62140044?at_medium=RSS&at_campaign=KARANGA,"Tue, 12 Jul 2022 15:31:40 GMT","A ""stellar nursery"" and a ""cosmic dance"" are among James Webb's first batch of colour images.",science_and_environment
Neutron stars: New telescope detects dead suns colliding,https://www.bbc.co.uk/news/science-environment-61911047?at_medium=RSS&at_campaign=KARANGA,"Thu, 21 Jul 2022 15:42:22 GMT",Light from the crashes is only visible for a couple of nights.,science_and_environment
China launches second module for its space station Heavenly Palace,https://www.bbc.co.uk/news/world-asia-china-62282862?at_medium=RSS&at_campaign=KARANGA,"Sun, 24 Jul 2022 13:37:54 GMT",Tiangong or Heavenly Palace is scheduled to be operational by the end of 2022.,science_and_environment
Nicky Campbell: School abuse still haunts me,https://www.bbc.co.uk/news/uk-62308621?at_medium=RSS&at_campaign=KARANGA,"Wed, 27 Jul 2022 09:27:37 GMT",The presenter reveals for the first time that he was the victim of abuse at a Scottish private school.,entertainment_and_arts
"Gaming time has no link with levels of wellbeing, study finds",https://www.bbc.co.uk/news/technology-62293235?at_medium=RSS&at_campaign=KARANGA,"Wed, 27 Jul 2022 02:26:37 GMT","Researchers analysed the gaming habits of 39,000 players of big titles such as Animal Crossing.",entertainment_and_arts
EastEnders: Jaime Winstone to play young Peggy Mitchell in flashback episode,https://www.bbc.co.uk/news/entertainment-arts-62316028?at_medium=RSS&at_campaign=KARANGA,"Wed, 27 Jul 2022 08:37:19 GMT",Jaime Winstone will play a young version of the character as the show looks into the family's past.,entertainment_and_arts
Mercury Prize: All you need to know about this year's nominees,https://www.bbc.co.uk/news/entertainment-arts-62255561?at_medium=RSS&at_campaign=KARANGA,"Tue, 26 Jul 2022 14:13:46 GMT","The shortlist includes Harry Styles, Sam Fender, Little Simz, Wet Leg, Self Esteem and Nova Twins.",entertainment_and_arts
"Music industry as tough as it has always been, watchdog says",https://www.bbc.co.uk/news/technology-62305395?at_medium=RSS&at_campaign=KARANGA,"Tue, 26 Jul 2022 16:44:36 GMT",The Competition and Markets Authority releases its latest report into the impact of streaming.,entertainment_and_arts
Eurovision: Bucks Fizz star backs Cardiff to host 2023 event,https://www.bbc.co.uk/news/entertainment-arts-62301422?at_medium=RSS&at_campaign=KARANGA,"Tue, 26 Jul 2022 10:52:14 GMT","Former winner Cheryl Baker made the suggestion after another winner, Lulu, made a shout for Glasgow.",entertainment_and_arts
World's largest watercolour revealed after £50k conservation appeal,https://www.bbc.co.uk/news/uk-england-birmingham-62319019?at_medium=RSS&at_campaign=KARANGA,"Wed, 27 Jul 2022 11:42:59 GMT","The Star of Bethlehem is reglazed as part of a £50,000 conservation project by Birmingham Museums.",entertainment_and_arts
Marcus Rashford: Man Utd striker becomes guest editor of Beano,https://www.bbc.co.uk/news/uk-england-manchester-62317040?at_medium=RSS&at_campaign=KARANGA,"Wed, 27 Jul 2022 10:19:57 GMT","Footballer Marcus Rashford is calling on children to ""find their voices"" in the special-edition comic.",entertainment_and_arts
Comic-Con: Neil Gaiman's epic comic Sandman finally reaches the screen,https://www.bbc.co.uk/news/entertainment-arts-62287218?at_medium=RSS&at_campaign=KARANGA,"Mon, 25 Jul 2022 08:06:55 GMT",The story which follows a quest by Dream is one the most popular graphic novels of all time,entertainment_and_arts
"Marvel at Comic-Con: Wakanda Forever trailer unveiled, and more Avengers films",https://www.bbc.co.uk/news/entertainment-arts-62281395?at_medium=RSS&at_campaign=KARANGA,"Sun, 24 Jul 2022 04:09:32 GMT",The studio announced a bumper crop of superhero films at Comic-Con - including Wakanda Forever.,entertainment_and_arts
Latitude 2022 in pictures: Ed Sheeran joins Snow Patrol,https://www.bbc.co.uk/news/uk-england-suffolk-62290216?at_medium=RSS&at_campaign=KARANGA,"Mon, 25 Jul 2022 10:18:36 GMT","Music, art, comedy and a surprise guest appearance at the sun-drenched festival.",entertainment_and_arts
Comic-Con: Five things we learned,https://www.bbc.co.uk/news/entertainment-arts-62287568?at_medium=RSS&at_campaign=KARANGA,"Mon, 25 Jul 2022 00:03:51 GMT",Fans have been given an exclusive glimpse of footage from a host of new blockbusters.,entertainment_and_arts
Keanu Reeves' comic book makes history,https://www.bbc.co.uk/news/entertainment-arts-62279839?at_medium=RSS&at_campaign=KARANGA,"Sat, 23 Jul 2022 23:09:26 GMT",BRZRKR becomes the first comic book to feature in Comic-Con's prestigious Hall H.,entertainment_and_arts
House of the Dragon: What we know about the Games of Thrones spin-off,https://www.bbc.co.uk/news/entertainment-arts-62281353?at_medium=RSS&at_campaign=KARANGA,"Sat, 23 Jul 2022 23:48:26 GMT","The series is set 200 years before Game of Thrones - but the dragons, death and feuds are all there.",entertainment_and_arts
Hugh Grant does first Comic-Con with Dungeons & Dragons film,https://www.bbc.co.uk/news/entertainment-arts-62261807?at_medium=RSS&at_campaign=KARANGA,"Fri, 22 Jul 2022 07:34:05 GMT",The actor cracked risque jokes with the crowd during his first ever visit to the San Diego convention.,entertainment_and_arts
Girls Aloud race for late Sarah Harding in Hyde Park,https://www.bbc.co.uk/news/uk-england-london-62283989?at_medium=RSS&at_campaign=KARANGA,"Sun, 24 Jul 2022 17:57:21 GMT",Hundreds of people wore pink and ran around the London park in memory of Sarah Harding.,entertainment_and_arts
Latitude Festival: Frankie Boyle questions the existence of cancel culture,https://www.bbc.co.uk/news/entertainment-arts-62280755?at_medium=RSS&at_campaign=KARANGA,"Sat, 23 Jul 2022 19:33:30 GMT","People who claim to be silenced never seem to go away, the comedian observes at the Latitude Festival.",entertainment_and_arts
Latitude Festival: Lewis Capaldi says he's 'too lazy' for new album,https://www.bbc.co.uk/news/entertainment-arts-62274534?at_medium=RSS&at_campaign=KARANGA,"Sat, 23 Jul 2022 00:32:17 GMT","""I just want to say now, I have no new music,"" says the star as he headlines the Latitude Festival.",entertainment_and_arts
"Jamie T on his a six-year silence, oligarchs, and Kim Jong-Un",https://www.bbc.co.uk/news/entertainment-arts-62237468?at_medium=RSS&at_campaign=KARANGA,"Sat, 23 Jul 2022 23:20:30 GMT","After an absence of six years, indie hero Jamie T is back with a new album, and plenty to say.",entertainment_and_arts
Thirteen Lives: Thai cave rescue actor Tom Bateman relives diving fears,https://www.bbc.co.uk/news/entertainment-arts-62213778?at_medium=RSS&at_campaign=KARANGA,"Fri, 22 Jul 2022 23:12:29 GMT",Actor Tom Bateman recalls how he overcame his claustrophobia in Ron Howard's film Thirteen Lives.,entertainment_and_arts
Can The Great British Bake Off stage musical serve up a showstopper?,https://www.bbc.co.uk/news/entertainment-arts-62249643?at_medium=RSS&at_campaign=KARANGA,"Fri, 22 Jul 2022 08:22:03 GMT","The Great British Bake Off stage show opens, but will it replicate the TV hit's recipe for success?",entertainment_and_arts
Girls Aloud's Cheryl on grieving Sarah Harding: I've never felt so helpless,https://www.bbc.co.uk/news/entertainment-arts-62287527?at_medium=RSS&at_campaign=KARANGA,"Sun, 24 Jul 2022 22:54:07 GMT","Hundreds joined Nicola Roberts, Cheryl and Nadine Coyle in London's Hyde Park for memorial run.",entertainment_and_arts
Climate protesters dragged away after attempting glue stunt with Botticelli masterpiece,https://www.bbc.co.uk/news/world-europe-62282858?at_medium=RSS&at_campaign=KARANGA,"Sun, 24 Jul 2022 07:04:31 GMT",The incident follows a spate of action where environmental activists have targeted famous artworks.,entertainment_and_arts
Resin art social media trend prompts warnings,https://www.bbc.co.uk/news/entertainment-arts-62068541?at_medium=RSS&at_campaign=KARANGA,"Fri, 22 Jul 2022 23:01:40 GMT","Using epoxy resin to make art has exploded as an online trend, but experts are urging caution about its use.",entertainment_and_arts
Comic-Con returns in-person to San Diego after pandemic,https://www.bbc.co.uk/news/entertainment-arts-62229956?at_medium=RSS&at_campaign=KARANGA,"Thu, 21 Jul 2022 23:03:35 GMT","More than 100,000 fans are gathering in San Diego for Comic-Con.",entertainment_and_arts
Chris Pine and Hugh Grant star in the new Dungeons and Dragons movie,https://www.bbc.co.uk/news/entertainment-arts-62261590?at_medium=RSS&at_campaign=KARANGA,"Fri, 22 Jul 2022 04:10:57 GMT","Chris Pine explains film ""easter eggs"" to Dungeons and Dragons co-star Hugh Grant",entertainment_and_arts
The Great British Bake Off: First glimpse of new stage musical,https://www.bbc.co.uk/news/entertainment-arts-62263442?at_medium=RSS&at_campaign=KARANGA,"Fri, 22 Jul 2022 08:23:09 GMT",A new theatre musical based on the successful TV show could contain a different kind of showstopper.,entertainment_and_arts
Commonwealth Games: Dina Asher-Smith withdraws with 'light hamstring strain',https://www.bbc.co.uk/sport/commonwealth-games/62319470?at_medium=RSS&at_campaign=KARANGA,"Wed, 27 Jul 2022 10:26:50 GMT","England's Dina Asher-Smith withdraws from the Commonwealth Games with a ""light hamstring strain"".",sport
Euro 2022: England secure place in final with victory over Sweden - highlights,https://www.bbc.co.uk/sport/av/football/62314033?at_medium=RSS&at_campaign=KARANGA,"Tue, 26 Jul 2022 22:14:37 GMT",Watch highlights as England reach the final of Euro 2022 by thrashing Sweden 4-0 at Bramall Lane.,sport
Euro 2022: England in perfect position to land elusive trophy,https://www.bbc.co.uk/sport/football/62314083?at_medium=RSS&at_campaign=KARANGA,"Tue, 26 Jul 2022 22:59:07 GMT",England's 4-0 demolition of Sweden wipes out the curse of losing three successive semi-finals to reach Sunday's final at Wembley.,sport
Euro 2022: England players react to Alessia Russo's 'naughty' backheel against Sweden,https://www.bbc.co.uk/sport/av/football/62321426?at_medium=RSS&at_campaign=KARANGA,"Wed, 27 Jul 2022 12:25:25 GMT","Georgia Stanway, Ellen White and Lauren Hemp react to Alessia Russo's 'outrageous' backheel goal against Sweden in England's Euro 2022 semi-final against Sweden.",sport
Manchester United complete Lisandro Martinez signing from Ajax in £57m deal,https://www.bbc.co.uk/sport/football/62262148?at_medium=RSS&at_campaign=KARANGA,"Wed, 27 Jul 2022 12:25:49 GMT",Manchester United complete the signing of Argentina defender Lisandro Martinez from Ajax in a deal worth up to 67m euros (£57m).,sport
Commonwealth Games 2022: Adam Peaty puts rapper Mist through his paces in the gym,https://www.bbc.co.uk/sport/av/commonwealth-games/62254231?at_medium=RSS&at_campaign=KARANGA,"Wed, 27 Jul 2022 07:16:42 GMT",Adam Peaty puts Birmingham rapper Mist through his paces in the gym ahead of the 2022 Commonwealth Games.,sport
Commonwealth Games 2022: Weightlifter Emily Campbell on equality and out-squatting the boys,https://www.bbc.co.uk/sport/av/commonwealth-games/62151462?at_medium=RSS&at_campaign=KARANGA,"Wed, 27 Jul 2022 07:59:48 GMT",Weightlifter Emily Campbell talks about equality and out-squatting the boys on her journey into the sport.,sport
Euro 2022: Does Alessia Russo deserve to start Euro 2022 final? - Analysis,https://www.bbc.co.uk/sport/av/football/62314035?at_medium=RSS&at_campaign=KARANGA,"Tue, 26 Jul 2022 22:46:42 GMT","Former England players Ian Wright and Alex Scott debate whether ""super sub"" striker Alessia Russo should start the Euro 2022 final.",sport
Euro 2022: Watch all the angles of Alessia Russo cheeky backheel against Sweden,https://www.bbc.co.uk/sport/av/football/62314030?at_medium=RSS&at_campaign=KARANGA,"Tue, 26 Jul 2022 20:51:34 GMT",Watch all the angles as Alessia Russo scores a stunning backheel to put England 3-0 up against Sweden in their Euro 2022 semi-final at Bramall Lane.,sport
Euro 2022: 'She's done it again!' Beth Mead's 'flawless' finish puts England ahead,https://www.bbc.co.uk/sport/av/football/62313614?at_medium=RSS&at_campaign=KARANGA,"Tue, 26 Jul 2022 19:57:20 GMT","Watch Beth Mead's ""flawless"" finish as she opens the scoring for England against Sweden in their Euro 2022 semi-final at Bramall Lane.",sport
Euro 2022: Lucy Bronze doubles England's lead against Sweden,https://www.bbc.co.uk/sport/av/football/62313617?at_medium=RSS&at_campaign=KARANGA,"Tue, 26 Jul 2022 20:24:27 GMT",Watch defender Lucy Bronze double England's lead against Sweden in their Euro 2022 semi-final at Bramall Lane.,sport
Euro 2022: Mary Earps' 'sensational' save denies Sweden in first minute,https://www.bbc.co.uk/sport/av/football/62313609?at_medium=RSS&at_campaign=KARANGA,"Tue, 26 Jul 2022 19:24:23 GMT","Watch Mary Earps' ""'sensational"" save as the England keeper stops Sofia Jakobsson scoring for Sweden in the first minute of their Euro 2022 semi-final.",sport
Commonwealth Games 2022: Tom Dean and Kem Cetinay play Top Trunks,https://www.bbc.co.uk/sport/av/commonwealth-games/62280191?at_medium=RSS&at_campaign=KARANGA,"Tue, 26 Jul 2022 07:37:51 GMT",Double Olympic champion Tom Dean and TV personality Kem Cetinay play a game of Top Trunks.,sport
What are the Commonwealth Games?,https://www.bbc.co.uk/sport/av/commonwealth-games/62288969?at_medium=RSS&at_campaign=KARANGA,"Tue, 26 Jul 2022 05:52:33 GMT",Birmingham is preparing to host the Commonwealth Games. But what are they and why do they take place?,sport
